<?xml version="1.0" encoding="utf-8"?>

<!--
  ~ Copyright (c) CompuGROUP Software GmbH,
  ~ This software is the confidential and proprietary information of
  ~ CompuGROUP Software GmbH. You shall not disclose such confidential
  ~ information and shall use it only in accordance with the terms of
  ~ the license agreement you entered into with CompuGROUP Software GmbH.
  -->

<BusinessObjects xmlns="http://www.cgm.com/2011/helix/metadata"
                 xmlns:xsi="http://www.w3.org/2001/XMLSchema-instance"
                 xsi:schemaLocation="http://www.cgm.com/2011/helix/metadata http://www.cgm.com/2011/helix/metadata.xsd">

    <!-- Place the language independent demo data for School District Client in this transfer file. This is the right place for storing data -->
    <!-- like test users or some demonstration patients for an integration / test server -->

    <BusinessObject name="/com/cgm/us/ais/core/admin/schedule/visittype/model/ScheduleVisitType">
        <Options dataImportMode="UpdateIfExistsOrInsert"/>
        <Columns>id,code,text,unitCount,clinicId,orgUnitId,organizationId,serviceTypeId,color,templateGoalCanBeCopied</Columns>
        <Data>
            <Row>"VT5","IND","Individual",1,"CLINICTWOORGUNITID","CLINICTWOORGUNITID","COMPANYONEORGUNITID","ST1","#ff0000",true</Row>
            <Row>"VT6","GRP","Group",1,"CLINICTWOORGUNITID","CLINICTWOORGUNITID","COMPANYONEORGUNITID","ST1","#ff0000",true</Row>
            <Row>"VT7","INEVAL","Initial Evaluation",1,"CLINICTWOORGUNITID","CLINICTWOORGUNITID","COMPANYONEORGUNITID","ST1","#ff0000",false</Row>
            <Row>"VT8","REEVAL","Reevaluation",1,"CLINICTWOORGUNITID","CLINICTWOORGUNITID","COMPANYONEORGUNITID","ST1","#ff0000",false</Row>
            <Row>"VT9","PSYCH","Psychological Testing and Evaluation",1,"CLINICTWOORGUNITID","CLINICTWOORGUNITID","COMPANYONEORGUNITID","ST1","#ff0000",false</Row>
            <Row>"VT10","DIAG","Diagnostic Assessment",1,"CLINICTWOORGUNITID","CLINICTWOORGUNITID","COMPANYONEORGUNITID","ST1","#ff0000",false</Row>
            <Row>"VT11","NURSE","Nursing Services",1,"CLINICTWOORGUNITID","CLINICTWOORGUNITID","COMPANYONEORGUNITID","ST1","#ff0000",false</Row>
            <Row>"VT12","MUSIC","Music Therapy",1,"CLINICTWOORGUNITID","CLINICTWOORGUNITID","COMPANYONEORGUNITID","ST85","#ff0000",true</Row>
            <Row>"VT13","CONSULT","Consultation",1,"CLINICTWOORGUNITID","CLINICTWOORGUNITID","COMPANYONEORGUNITID","ST1","#ff0000",false</Row>
            <Row>"VT14","PROGRESS","Progress Summary",1,"CLINICTWOORGUNITID","CLINICTWOORGUNITID","COMPANYONEORGUNITID","ST1","#ff0000",false</Row>
            <Row>"VT15","OMIND","O&amp;M Individual",1,"CLINICTWOORGUNITID","CLINICTWOORGUNITID","COMPANYONEORGUNITID","ST1","#ff0000",true</Row>
            <Row>"VT16","OMINEVAL","O&amp;M Initial Evaluation",1,"CLINICTWOORGUNITID","CLINICTWOORGUNITID","COMPANYONEORGUNITID","ST1","#ff0000",false</Row>
            <Row>"VT17","OMREEVAL","O&amp;M Reevaluation",1,"CLINICTWOORGUNITID","CLINICTWOORGUNITID","COMPANYONEORGUNITID","ST1","#ff0000",false</Row>
            <Row>"VT18","OMPROGRESS","O&amp;M Progress Summary",1,"CLINICTWOORGUNITID","CLINICTWOORGUNITID","COMPANYONEORGUNITID","ST1","#ff0000",false</Row>
            <Row>"VT19","VTIND","Vision Therapy",1,"CLINICTWOORGUNITID","CLINICTWOORGUNITID","COMPANYONEORGUNITID","ST85","#ff0000",false</Row>
            <Row>"VT20","VTINEVAL","Vision Therapy Initial Evaluation",1,"CLINICTWOORGUNITID","CLINICTWOORGUNITID","COMPANYONEORGUNITID","ST85","#ff0000",false</Row>
            <Row>"VT21","VTREEVAL","Vision Therapy Reevaluation",1,"CLINICTWOORGUNITID","CLINICTWOORGUNITID","COMPANYONEORGUNITID","ST85","#ff0000",false</Row>
            <Row>"VT22","VTPROGRESS","Vision Therapy Progress Summary",1,"CLINICTWOORGUNITID","CLINICTWOORGUNITID","COMPANYONEORGUNITID","ST85","#ff0000",false</Row>
            <Row>"VT23","MEDS","Administer Medication",1,"CLINICTWOORGUNITID","CLINICTWOORGUNITID","COMPANYONEORGUNITID","ST1","#ff0000",false</Row>
        </Data>
    </BusinessObject>

    <!-- Person -->
    <BusinessObject name="/cgm/g3/bas/org/Person">
        <Options dataImportMode="UpdateIfExistsOrInsert"/>
        <Columns>
            id,givenName,familyName,middleName,suffix,sexId,dateOfBirth,contactMethodId,mothersFirst,mothersMaiden,genderId,customGender,sexualOrientationId,customSexualOrientation
        </Columns>
        <Data>
            <Row>
                "SC_PERSON_1","Julie","Clark",null,"OT","ID1",1990-09-09,"EMAIL","Carol","Deen","CUSTOM","neutral","CUSTOM",
                "Asexual"
            </Row>
            <Row>
                "SC_PERSON_2","Cheryl","LePorte",null,"OT","ID1",1990-09-09,"EMAIL","Carol","Deen","CUSTOM","neutral","CUSTOM",
                "Asexual"
            </Row>
            <Row>
                "SC_PERSON_3","Bridget","O'Hare",null,"OT","ID1",1990-09-09,"EMAIL","Carol","Deen","CUSTOM","neutral","CUSTOM",
                "Asexual"
            </Row>
            <Row>
                "SC_PERSON_4","Lynsey","Fowler",null,"PT","ID1",1990-09-09,"EMAIL","Carol","Deen","CUSTOM","neutral","CUSTOM",
                "Asexual"
            </Row>
            <Row>
                "SC_PERSON_5","Lisa","Hanson",null,"PT","ID1",1990-09-09,"EMAIL","Carol","Deen","CUSTOM","neutral","CUSTOM",
                "Asexual"
            </Row>
            <Row>
                "SC_PERSON_6","Heather","Nelson",null,"PT","ID1",1990-09-09,"EMAIL","Carol","Deen","CUSTOM","neutral","CUSTOM",
                "Asexual"
            </Row>
            <Row>
                "SC_PERSON_7","Kathleen","Poole",null,"PT","ID1",1990-09-09,"EMAIL","Carol","Deen","CUSTOM","neutral","CUSTOM",
                "Asexual"
            </Row>
            <Row>
                "SC_PERSON_8","Melissa","Viehe",null,"PT","ID1",1990-09-09,"EMAIL","Carol","Deen","CUSTOM","neutral","CUSTOM",
                "Asexual"
            </Row>
            <Row>
                "SC_PERSON_9","Leigh","Wolke",null,"PT","ID1",1990-09-09,"EMAIL","Carol","Deen","CUSTOM","neutral","CUSTOM",
                "Asexual"
            </Row>
            <Row>
                "SC_PERSON_10","Amy","Gosnell",null,"SLP","ID1",1990-09-09,"EMAIL","Carol","Deen","CUSTOM","neutral","CUSTOM",
                "Asexual"
            </Row>
            <Row>
                "SC_PERSON_11","Alexis","Hanna",null,"SLP","ID1",1990-09-09,"EMAIL","Carol","Deen","CUSTOM","neutral","CUSTOM",
                "Asexual"
            </Row>
            <Row>
                "SC_PERSON_12","Amanda","Maxwell",null,"SLP","ID1",1990-09-09,"EMAIL","Carol","Deen","CUSTOM","neutral","CUSTOM",
                "Asexual"
            </Row>
            <Row>
                "SC_PERSON_13","Ann","Morton",null,"SLP","ID1",1990-09-09,"EMAIL","Carol","Deen","CUSTOM","neutral","CUSTOM",
                "Asexual"
            </Row>
            <Row>
                "SC_PERSON_14","Selina","Naik",null,"PT","ID1",1990-09-09,"EMAIL","Carol","Deen","CUSTOM","neutral","CUSTOM",
                "Asexual"
            </Row>
            <Row>
                "SC_PERSON_15","Lynne","Thompson",null,"LCSW","ID1",1990-09-09,"EMAIL","Carol","Deen","CUSTOM","neutral","CUSTOM",
                "Asexual"
            </Row>
            <Row>
                "SC_PERSON_16","Linsey","Havenga",null,"RN","ID1",1990-09-09,"EMAIL","Carol","Deen","CUSTOM","neutral","CUSTOM",
                "Asexual"
            </Row>
        </Data>
    </BusinessObject>

    <BusinessObject name="/com/cgm/us/ais/core/model/PersonExtension">
        <Options dataImportMode="UpdateIfExistsOrInsert"/>
        <Columns>personId</Columns>
        <Data>
            <Row>"SC_PERSON_1"</Row>
            <Row>"SC_PERSON_2"</Row>
            <Row>"SC_PERSON_3"</Row>
            <Row>"SC_PERSON_4"</Row>
            <Row>"SC_PERSON_5"</Row>
            <Row>"SC_PERSON_6"</Row>
            <Row>"SC_PERSON_7"</Row>
            <Row>"SC_PERSON_8"</Row>
            <Row>"SC_PERSON_9"</Row>
            <Row>"SC_PERSON_10"</Row>
            <Row>"SC_PERSON_11"</Row>
            <Row>"SC_PERSON_12"</Row>
            <Row>"SC_PERSON_13"</Row>
            <Row>"SC_PERSON_14"</Row>
            <Row>"SC_PERSON_15"</Row>
            <Row>"SC_PERSON_16"</Row>
        </Data>
    </BusinessObject>

    <BusinessObject name="/cgm/g3/bas/org/Employee">
        <Options dataImportMode="UpdateIfExistsOrInsert"/>
        <Columns>id,personId</Columns>
        <Data>
            <Row>"sc_e_5","SC_PERSON_1"</Row>
            <Row>"sc_e_6","SC_PERSON_2"</Row>
            <Row>"sc_e_7","SC_PERSON_3"</Row>
            <Row>"sc_e_8","SC_PERSON_4"</Row>
            <Row>"sc_e_9","SC_PERSON_5"</Row>
            <Row>"sc_e_10","SC_PERSON_6"</Row>
            <Row>"sc_e_11","SC_PERSON_7"</Row>
            <Row>"sc_e_12","SC_PERSON_8"</Row>
            <Row>"sc_e_13","SC_PERSON_9"</Row>
            <Row>"sc_e_14","SC_PERSON_10"</Row>
            <Row>"sc_e_15","SC_PERSON_11"</Row>
            <Row>"sc_e_16","SC_PERSON_12"</Row>
            <Row>"sc_e_17","SC_PERSON_13"</Row>
            <Row>"sc_e_18","SC_PERSON_14"</Row>
            <Row>"sc_e_19","SC_PERSON_15"</Row>
            <Row>"sc_e_20","SC_PERSON_16"</Row>
        </Data>
    </BusinessObject>

    <BusinessObject name="/cgm/g3/bas/org/Organization">
        <Columns>id,name,extendedName,shortName,organizationType,legalForm,salutation,validFrom,validTo,photoId
        </Columns>
        <Data>
            <Row>"SCORGANIZATION","Meyer Center","Meyer Center","MC","ORGUNIT",null,null,null,null,null</Row>
        </Data>
    </BusinessObject>

    <BusinessObject name="/cgm/g3/bas/org/OrgUnit">
        <Options dataImportMode="UpdateIfExistsOrInsert"/>
        <Columns>id,orgUnitTypeId,organizationId,providerGuid,providerGuidOn</Columns>
        <Data>
            <Row>"AUBORGUNIT3", "JXU6KT70EIRGO2JW07VTO2MHOFTA4OJV", "SCORGANIZATION","null",false</Row>
        </Data>
    </BusinessObject>

    <BusinessObject name="/cgm/g3/bas/org/OrgUnitLink">
        <Options dataImportMode="UpdateIfExistsOrInsert"/>
        <Columns>id,orgUnitId,linkedOrgUnitId,linkType,validFrom,validTo</Columns>
        <Data>
            <Row>"SCORGUNITLINK","AUBORGUNIT3","5AGIGIRTYFWW8B5Y8SZR9XCUB6DGVMJY","PARENT",null,null</Row>
        </Data>
    </BusinessObject>

    <BusinessObject name="/com/cgm/us/ais/core/encounter/chargecapture/model/CptCode">
        <Options dataImportMode="UpdateIfExistsOrInsert"/>
        <Columns>id,cptCode,description,longDescription</Columns>
        <Data>
            <Row>"SC_ST87_1","92521","EVALUATION OF SPEECH FLUENCY","Evaluation of speech fluency (eg, stuttering, cluttering)"</Row>
            <Row>"SC_ST87_2","92522","EVALUATE SPEECH PRODUCTION","Evaluation of speech sound production (eg, articulation, phonological process, apraxia, dysarthria)"</Row>
            <Row>"SC_ST87_3","92523","SPEECH SOUND LANG COMPREHEN","Evaluation of speech sound production (eg, articulation, phonological process, apraxia, dysarthria)"</Row>
            <Row>"SC_ST87_4","92524","BEHAVRAL QUALIT ANALYS VOICE","Behavioral and qualitative analysis of voice and resonance"</Row>
            <Row>"SC_ST87_5","S9152","Speech therapy, re-eval","Speech therapy, re-evaluation"</Row>
            <Row>"SC_ST87_6","92507","SPEECH/HEARING THERAPY","Treatment of speech, language, voice, communication, and/or auditory processing disorder"</Row>
            <Row>"SC_ST87_7","92508","SPEECH/HEARING THERAPY","Treatment of speech, language, voice, communication, and/or auditory processing disorder"</Row>
            <Row>"SC_ST87_8","92526","ORAL FUNCTION THERAPY","Treatment of swallowing dysfunction and/or oral function for feeding"</Row>
            <Row>"SC_ST87_9","96105","ASSESSMENT OF APHASIA","Assessment of aphasia (includes assessment of expressive and receptive speech and language function, language comprehension, speech production ability, reading, spelling, writing, eg, by Boston Diagnostic Aphasia Examination) with interpretation and report, per hour"</Row>
            <Row>"SC_ST87_10","92610","EVALUATE SWALLOWING FUNCTION","Evaluation of oral and pharyngeal swallowing function"</Row>
            <Row>"SC_ST85_1","97165","OT EVAL LOW COMPLEX 30 MIN","Occupational therapy evaluation, low complexity, requiring these components: An occupational profile and medical and therapy history, which includes a brief history including review of medical and/or therapy records relating to the presenting problem"</Row>
            <Row>"SC_ST85_2","97166","OT EVAL MOD COMPLEX 45 MIN","Occupational therapy evaluation, moderate complexity, requiring these components: An occupational profile and medical and therapy history, which includes an expanded review of medical and/or therapy records and additional review of physical, cognitive, or psychosocial history related to current functional performance"</Row>
            <Row>"SC_ST85_3","97167","OT EVAL HIGH COMPLEX 60 MIN","Occupational therapy evaluation, high complexity, requiring these components: An occupational profile and medical and therapy history, which includes review of medical and/or therapy records and extensive additional review of physical, cognitive, or psychosocial history related to current functional performance"</Row>
            <Row>"SC_ST85_4","97168","OT RE-EVAL EST PLAN CARE","Re-evaluation of occupational therapy established plan of care, requiring these components: An assessment of changes in patient functional or medical status with revised plan of care"</Row>
            <Row>"SC_ST85_5","97110","THERAPEUTIC EXERCISES","Therapeutic procedure, 1 or more areas, each 15 minutes"</Row>
            <Row>"SC_ST85_6","97112","NEUROMUSCULAR REEDUCATION","Therapeutic procedure, 1 or more areas, each 15 minutes"</Row>
            <Row>"SC_ST85_7","97124","MASSAGE THERAPY","Therapeutic procedure, 1 or more areas, each 15 minutes"</Row>
            <Row>"SC_ST85_8","97127","THER IVNTJ W/FOCUS COG FUNCJ","Therapeutic interventions that focus on cognitive function (eg, attention, memory, reasoning, executive function, problem solving, and/or pragmatic functioning) and compensatory strategies to manage the performance of an activity (eg, managing time or schedules, initiating, organizing and sequencing tasks), direct (one-on-one) patient contact"</Row>
            <Row>"SC_ST85_9","97140","MANUAL THERAPY 1/> REGIONS","Manual therapy techniques (eg, mobilization/ manipulation, manual lymphatic drainage, manual traction), 1 or more regions, each 15 minutes"</Row>
            <Row>"SC_ST85_10","97150","GROUP THERAPEUTIC PROCEDURES","Therapeutic procedure(s), group (2 or more individuals)"</Row>
            <Row>"SC_ST85_11","97530","THERAPEUTIC ACTIVITIES","Therapeutic activities, direct (one-on-one) patient contact (use of dynamic activities to improve functional performance), each 15 minutes"</Row>
            <Row>"SC_ST85_12","97533","SENSORY INTEGRATION","Sensory integrative techniques to enhance sensory processing and promote adaptive responses to environmental demands, direct (one-on-one) patient contact, each 15 minutes"</Row>
            <Row>"SC_ST85_13","97535","SELF CARE MNGMENT TRAINING","Self-care/home management training (eg, activities of daily living (ADL) and compensatory training, meal preparation, safety procedures, and instructions in use of assistive technology devices/adaptive equipment) direct one-on-one contact, each 15 minutes"</Row>
            <Row>"SC_ST85_14","97542","WHEELCHAIR MNGMENT TRAINING","Wheelchair management (eg, assessment, fitting, training), each 15 minutes"</Row>
            <Row>"SC_ST195_1","97161","PT EVAL LOW COMPLEX 20 MIN","Physical therapy evaluation: low complexity, requiring these components: A history with no personal factors and/or comorbidities that impact the plan of care"</Row>
            <Row>"SC_ST195_2","97162","PT EVAL MOD COMPLEX 30 MIN","Physical therapy evaluation: moderate complexity, requiring these components: A history of present problem with 1-2 personal factors and/or comorbidities that impact the plan of care"</Row>
            <Row>"SC_ST195_3","97163","PT EVAL HIGH COMPLEX 45 MIN","Physical therapy evaluation: high complexity, requiring these components: A history of present problem with 3 or more personal factors and/or comorbidities that impact the plan of care"</Row>
            <Row>"SC_ST195_4","97164","PT RE-EVAL EST PLAN CARE","Re-evaluation of physical therapy established plan of care, requiring these components: An examination including a review of history and use of standardized tests and measures is required"</Row>
            <Row>"SC_ST195_5","97014","ELECTRIC STIMULATION THERAPY","Application of a modality to 1 or more areas"</Row>
            <Row>"SC_ST195_6","97110","THERAPEUTIC EXERCISES","Therapeutic procedure, 1 or more areas, each 15 minutes"</Row>
            <Row>"SC_ST195_7","97112","NEUROMUSCULAR REEDUCATION","Therapeutic procedure, 1 or more areas, each 15 minutes"</Row>
            <Row>"SC_ST195_8","97113","AQUATIC THERAPY/EXERCISES","Therapeutic procedure, 1 or more areas, each 15 minutes"</Row>
            <Row>"SC_ST195_9","97116","GAIT TRAINING THERAPY","Therapeutic procedure, 1 or more areas, each 15 minutes"</Row>
            <Row>"SC_ST195_10","97124","MASSAGE THERAPY","Therapeutic procedure, 1 or more areas, each 15 minutes"</Row>
            <Row>"SC_ST195_11","97530","THERAPEUTIC ACTIVITIES","Therapeutic activities, direct (one-on-one) patient contact (use of dynamic activities to improve functional performance), each 15 minutes"</Row>
            <Row>"SC_ST195_12","97535","SELF CARE MNGMENT TRAINING","Self-care/home management training (eg, activities of daily living (ADL) and compensatory training, meal preparation, safety procedures, and instructions in use of assistive technology devices/adaptive equipment) direct one-on-one contact, each 15 minutes"</Row>
            <Row>"SC_ST195_13","97542","WHEELCHAIR MNGMENT TRAINING","Wheelchair management (eg, assessment, fitting, training), each 15 minutes"</Row>
            <Row>"SC_ST195_14","97760","ORTHOTIC MGMT&amp;TRAINJ 1ST ENC","Orthotic(s) management and training (including assessment and fitting when not otherwise reported), upper extremity(ies), lower extremity(ies) and/or trunk, initial orthotic(s) encounter, each 15 minutes"</Row>
            <Row>"SC_ST195_15","97761","PROSTHETIC TRAINJ 1ST ENC","Prosthetic(s) training, upper and/or lower extremity(ies), initial prosthetic(s) encounter, each 15 minutes"</Row>
            <Row>"SC_ST195_16","97150","GROUP THERAPEUTIC PROCEDURES","Therapeutic procedure(s), group (2 or more individuals)"</Row>
            <Row>"SC_ST1_1","T1001","Nursing assessment/evaluatn","Nursing assessment / evaluation"</Row>
            <Row>"SC_ST1_2","T1002","Rn services up to 15 minutes","Rn services, up to 15 minutes"</Row>
            <Row>"SC_ST1_3","T1003","Lpn/lvn services up to 15min","Lpn/lvn services, up to 15 minutes"</Row>
            <Row>"SC_ST1_4","T1015","Clinic service","Clinic visit/encounter, all-inclusive"</Row>
            <Row>"SC_ST1_5","T1018","School-based iep ser bundled","School-based individualized education program (iep) services, bundled"</Row>
            <Row>"SC_ST1_6","T1502","Medication admin visit","Administration of oral, intramuscular and/or subcutaneous medication by health care agency/professional, per visit"</Row>
            <Row>"SC_ST1_7","T1503","Med admin, not oral/inject","Administration of medication, other than oral and/or injectable, by a health care agency/professional, per visit"</Row>
            <Row>"SC_A6_1","90791","PSYCH DIAGNOSTIC EVALUATION","Psychiatric diagnostic evaluation"</Row>
            <Row>"SC_A6_2","90792","PSYCH DIAG EVAL W/MED SRVCS","Psychiatric diagnostic evaluation with medical services"</Row>
            <Row>"SC_A6_3","90785","PSYTX COMPLEX INTERACTIVE","Interactive complexity (List separately in addition to the code for primary procedure)"</Row>
            <Row>"SC_A6_4","90832","PSYTX W PT 30 MINUTES","Psychotherapy, 30 minutes with patient"</Row>
            <Row>"SC_A6_5","90833","PSYTX W PT W E/M 30 MIN","Psychotherapy, 30 minutes with patient when performed with an evaluation and management service (List separately in addition to the code for primary procedure)"</Row>
            <Row>"SC_A6_6","90834","PSYTX W PT 45 MINUTES","Psychotherapy, 45 minutes with patient"</Row>
            <Row>"SC_A6_7","90836","PSYTX W PT W E/M 45 MIN","Psychotherapy, 45 minutes with patient when performed with an evaluation and management service (List separately in addition to the code for primary procedure)"</Row>
            <Row>"SC_A6_8","90837","PSYTX W PT 60 MINUTES","Psychotherapy, 60 minutes with patient"</Row>
            <Row>"SC_A6_9","90838","PSYTX W PT W E/M 60 MIN","Psychotherapy, 60 minutes with patient when performed with an evaluation and management service (List separately in addition to the code for primary procedure)"</Row>
            <Row>"SC_A6_10","90839","PSYTX CRISIS INITIAL 60 MIN","Psychotherapy for crisis"</Row>
            <Row>"SC_A6_11","90840","PSYTX CRISIS EA ADDL 30 MIN","Psychotherapy for crisis"</Row>
            <Row>"SC_A6_12","90845","PSYCHOANALYSIS","Psychoanalysis"</Row>
            <Row>"SC_A6_13","90846","FAMILY PSYTX W/O PT 50 MIN","Family psychotherapy (without the patient present), 50 minutes"</Row>
            <Row>"SC_A6_14","90847","FAMILY PSYTX W/PT 50 MIN","Family psychotherapy (conjoint psychotherapy) (with patient present), 50 minutes"</Row>
            <Row>"SC_A6_15","90849","MULTIPLE FAMILY GROUP PSYTX","Multiple-family group psychotherapy"</Row>
            <Row>"SC_A6_16","90853","GROUP PSYCHOTHERAPY","Group psychotherapy (other than of a multiple-family group)"</Row>
            <Row>"SC_A6_17","90863","PHARMACOLOGIC MGMT W/PSYTX","Pharmacologic management, including prescription and review of medication, when performed with psychotherapy services (List separately in addition to the code for primary procedure)"</Row>
            <Row>"SC_A6_18","90885","PSY EVALUATION OF RECORDS","Psychiatric evaluation of hospital records, other psychiatric reports, psychometric and/or projective tests, and other accumulated data for medical diagnostic purposes"</Row>
            <Row>"SC_A6_19","90887","CONSULTATION WITH FAMILY","Interpretation or explanation of results of psychiatric, other medical examinations and procedures, or other accumulated data to family or other responsible persons, or advising them how to assist patient"</Row>
            <Row>"SC_A6_20","90889","PREPARATION OF REPORT","Preparation of report of patient's psychiatric status, history, treatment, or progress (other than for legal or consultative purposes) for other individuals, agencies, or insurance carriers"</Row>
            <Row>"SC_A6_21","96110","DEVELOPMENTAL SCREEN W/SCORE","Developmental screening (eg, developmental milestone survey, speech and language delay screen), with scoring and documentation, per standardized instrument"</Row>
            <Row>"SC_A6_22","96112","DEVEL TST PHYS/QHP 1ST HR","Developmental test administration (including assessment of fine and/or gross motor, language, cognitive level, social, memory and/or executive functions by standardized developmental instruments when performed), by physician or other qualified health care professional, with interpretation and report; first hour"</Row>
            <Row>"SC_A6_23","96113","DEVEL TST PHYS/QHP EA ADDL","Developmental test administration (including assessment of fine and/or gross motor, language, cognitive level, social, memory and/or executive functions by standardized developmental instruments when performed), by physician or other qualified health care professional, with interpretation and report; each additional 30 minutes (List separately in addition to code for primary procedure)"</Row>
            <Row>"SC_A6_24","96116","NEUROBEHAVIORAL STATUS EXAM","Neurobehavioral status exam (clinical assessment of thinking, reasoning and judgment, eg, acquired knowledge, attention, language, memory, planning and problem solving, and visual spatial abilities), per hour of the psychologist's or physician's time, both face-to-face time with the patient and time interpreting test results and preparing the report"</Row>
            <Row>"SC_A6_25","96121","NUBHVL XM PHY/QHP EA ADDL HR","Neurobehavioral status exam (clinical assessment of thinking, reasoning and judgment, [eg, acquired knowledge, attention, language, memory, planning and problem solving, and visual spatial abilities]), by physician or other qualified health care professional, both face-to-face time with the patient and time interpreting test results and preparing the report; each additional hour (List separately in addition to code for primary procedure)"</Row>
            <Row>"SC_A6_26","96125","COGNITIVE TEST BY HC PRO","Standardized cognitive performance testing (eg, Ross Information Processing Assessment) per hour of a qualified health care professional's time, both face-to-face time administering tests to the patient and time interpreting these test results and preparing the report"</Row>
            <Row>"SC_A6_27","96127","BRIEF EMOTIONAL/BEHAV ASSMT","Brief emotional/behavioral assessment (eg, depression inventory, attention-deficit/hyperactivity disorder [ADHD] scale), with scoring and documentation, per standardized instrument"</Row>
            <Row>"SC_A6_28","96130","PSYCL TST EVAL PHYS/QHP 1ST","Psychological testing evaluation services by physician or other qualified health care professional, including integration of patient data, interpretation of standardized test results and clinical data, clinical decision making, treatment planning and report, and interactive feedback to the patient, family member(s) or caregiver(s), when performed; first hour"</Row>
            <Row>"SC_A6_29","96131","PSYCL TST EVAL PHYS/QHP EA","Psychological testing evaluation services by physician or other qualified health care professional, including integration of patient data, interpretation of standardized test results and clinical data, clinical decision making, treatment planning and report, and interactive feedback to the patient, family member(s) or caregiver(s), when performed; each additional hour (List separately in addition to code for primary procedure)"</Row>
            <Row>"SC_A6_30","96136","PSYCL/NRPSYC TST PHY/QHP 1ST","Psychological or neuropsychological test administration and scoring by physician or other qualified health care professional, two or more tests, any method; first 30 minutes"</Row>
            <Row>"SC_A6_31","96137","PSYCL/NRPSYC TST PHY/QHP EA","Psychological or neuropsychological test administration and scoring by physician or other qualified health care professional, two or more tests, any method; each additional 30 minutes (List separately in addition to code for primary procedure)"</Row>
            <Row>"SC_A6_32","96138","PSYCL/NRPSYC TECH 1ST","Psychological or neuropsychological test administration and scoring by technician, two or more tests, any method; first 30 minutes"</Row>
            <Row>"SC_A6_33","96139","PSYCL/NRPSYC TST TECH EA","Psychological or neuropsychological test administration and scoring by technician, two or more tests, any method; each additional 30 minutes (List separately in addition to code for primary procedure)"</Row>
            <Row>"SC_A6_34","96146","PSYCL/NRPSYC TST AUTO RESULT","Psychological or neuropsychological test administration, with single automated, standardized instrument via electronic platform, with automated result only"</Row>
        </Data>
    </BusinessObject>

    <BusinessObject name="/com/cgm/us/ais/core/encounter/chargecapture/model/CptCodeClinic">
        <Options dataImportMode="UpdateIfExistsOrInsert"/>
        <Columns>id,cptCodeId,clinicId,serviceTypeId</Columns>
        <Data>
            <Row>"SC_18","SC_ST87_1","CLINICTWOORGUNITID","ST87"</Row>
            <Row>"SC_19","SC_ST87_2","CLINICTWOORGUNITID","ST87"</Row>
            <Row>"SC_20","SC_ST87_3","CLINICTWOORGUNITID","ST87"</Row>
            <Row>"SC_21","SC_ST87_4","CLINICTWOORGUNITID","ST87"</Row>
            <Row>"SC_22","SC_ST87_5","CLINICTWOORGUNITID","ST87"</Row>
            <Row>"SC_23","SC_ST87_6","CLINICTWOORGUNITID","ST87"</Row>
            <Row>"SC_24","SC_ST87_7","CLINICTWOORGUNITID","ST87"</Row>
            <Row>"SC_25","SC_ST87_8","CLINICTWOORGUNITID","ST87"</Row>
            <Row>"SC_26","SC_ST87_9","CLINICTWOORGUNITID","ST87"</Row>
            <Row>"SC_27","SC_ST87_10","CLINICTWOORGUNITID","ST87"</Row>
            <Row>"SC_28","SC_ST85_1","CLINICTWOORGUNITID","ST85"</Row>
            <Row>"SC_29","SC_ST85_2","CLINICTWOORGUNITID","ST85"</Row>
            <Row>"SC_30","SC_ST85_3","CLINICTWOORGUNITID","ST85"</Row>
            <Row>"SC_31","SC_ST85_4","CLINICTWOORGUNITID","ST85"</Row>
            <Row>"SC_32","SC_ST85_5","CLINICTWOORGUNITID","ST85"</Row>
            <Row>"SC_33","SC_ST85_6","CLINICTWOORGUNITID","ST85"</Row>
            <Row>"SC_34","SC_ST85_7","CLINICTWOORGUNITID","ST85"</Row>
            <Row>"SC_35","SC_ST85_8","CLINICTWOORGUNITID","ST85"</Row>
            <Row>"SC_36","SC_ST85_9","CLINICTWOORGUNITID","ST85"</Row>
            <Row>"SC_37","SC_ST85_10","CLINICTWOORGUNITID","ST85"</Row>
            <Row>"SC_38","SC_ST85_11","CLINICTWOORGUNITID","ST85"</Row>
            <Row>"SC_39","SC_ST85_12","CLINICTWOORGUNITID","ST85"</Row>
            <Row>"SC_40","SC_ST85_13","CLINICTWOORGUNITID","ST85"</Row>
            <Row>"SC_41","SC_ST85_14","CLINICTWOORGUNITID","ST85"</Row>
            <Row>"SC_42","SC_ST195_1","CLINICTWOORGUNITID","ST195"</Row>
            <Row>"SC_43","SC_ST195_2","CLINICTWOORGUNITID","ST195"</Row>
            <Row>"SC_44","SC_ST195_3","CLINICTWOORGUNITID","ST195"</Row>
            <Row>"SC_45","SC_ST195_4","CLINICTWOORGUNITID","ST195"</Row>
            <Row>"SC_46","SC_ST195_5","CLINICTWOORGUNITID","ST195"</Row>
            <Row>"SC_47","SC_ST195_6","CLINICTWOORGUNITID","ST195"</Row>
            <Row>"SC_48","SC_ST195_7","CLINICTWOORGUNITID","ST195"</Row>
            <Row>"SC_49","SC_ST195_8","CLINICTWOORGUNITID","ST195"</Row>
            <Row>"SC_50","SC_ST195_9","CLINICTWOORGUNITID","ST195"</Row>
            <Row>"SC_51","SC_ST195_10","CLINICTWOORGUNITID","ST195"</Row>
            <Row>"SC_52","SC_ST195_11","CLINICTWOORGUNITID","ST195"</Row>
            <Row>"SC_53","SC_ST195_12","CLINICTWOORGUNITID","ST195"</Row>
            <Row>"SC_54","SC_ST195_13","CLINICTWOORGUNITID","ST195"</Row>
            <Row>"SC_56","SC_ST195_14","CLINICTWOORGUNITID","ST195"</Row>
            <Row>"SC_57","SC_ST195_15","CLINICTWOORGUNITID","ST195"</Row>
            <Row>"SC_58","SC_ST195_16","CLINICTWOORGUNITID","ST195"</Row>
            <Row>"SC_59","SC_ST1_1","CLINICTWOORGUNITID","ST1"</Row>
            <Row>"SC_60","SC_ST1_2","CLINICTWOORGUNITID","ST1"</Row>
            <Row>"SC_61","SC_ST1_3","CLINICTWOORGUNITID","ST1"</Row>
            <Row>"SC_62","SC_ST1_4","CLINICTWOORGUNITID","ST1"</Row>
            <Row>"SC_63","SC_ST1_5","CLINICTWOORGUNITID","ST1"</Row>
            <Row>"SC_64","SC_ST1_6","CLINICTWOORGUNITID","ST1"</Row>
            <Row>"SC_65","SC_ST1_7","CLINICTWOORGUNITID","ST1"</Row>
            <Row>"SC_66","SC_A6_1","CLINICTWOORGUNITID","A6"</Row>
            <Row>"SC_67","SC_A6_2","CLINICTWOORGUNITID","A6"</Row>
            <Row>"SC_68","SC_A6_3","CLINICTWOORGUNITID","A6"</Row>
            <Row>"SC_69","SC_A6_4","CLINICTWOORGUNITID","A6"</Row>
            <Row>"SC_70","SC_A6_5","CLINICTWOORGUNITID","A6"</Row>
            <Row>"SC_71","SC_A6_6","CLINICTWOORGUNITID","A6"</Row>
            <Row>"SC_72","SC_A6_7","CLINICTWOORGUNITID","A6"</Row>
            <Row>"SC_73","SC_A6_8","CLINICTWOORGUNITID","A6"</Row>
            <Row>"SC_74","SC_A6_9","CLINICTWOORGUNITID","A6"</Row>
            <Row>"SC_75","SC_A6_10","CLINICTWOORGUNITID","A6"</Row>
            <Row>"SC_76","SC_A6_11","CLINICTWOORGUNITID","A6"</Row>
            <Row>"SC_77","SC_A6_12","CLINICTWOORGUNITID","A6"</Row>
            <Row>"SC_78","SC_A6_13","CLINICTWOORGUNITID","A6"</Row>
            <Row>"SC_79","SC_A6_14","CLINICTWOORGUNITID","A6"</Row>
            <Row>"SC_80","SC_A6_15","CLINICTWOORGUNITID","A6"</Row>
            <Row>"SC_81","SC_A6_16","CLINICTWOORGUNITID","A6"</Row>
            <Row>"SC_82","SC_A6_17","CLINICTWOORGUNITID","A6"</Row>
            <Row>"SC_83","SC_A6_18","CLINICTWOORGUNITID","A6"</Row>
            <Row>"SC_84","SC_A6_19","CLINICTWOORGUNITID","A6"</Row>
            <Row>"SC_85","SC_A6_20","CLINICTWOORGUNITID","A6"</Row>
            <Row>"SC_86","SC_A6_21","CLINICTWOORGUNITID","A6"</Row>
            <Row>"SC_87","SC_A6_22","CLINICTWOORGUNITID","A6"</Row>
            <Row>"SC_88","SC_A6_23","CLINICTWOORGUNITID","A6"</Row>
            <Row>"SC_89","SC_A6_24","CLINICTWOORGUNITID","A6"</Row>
            <Row>"SC_90","SC_A6_25","CLINICTWOORGUNITID","A6"</Row>
            <Row>"SC_91","SC_A6_26","CLINICTWOORGUNITID","A6"</Row>
            <Row>"SC_92","SC_A6_27","CLINICTWOORGUNITID","A6"</Row>
            <Row>"SC_93","SC_A6_28","CLINICTWOORGUNITID","A6"</Row>
            <Row>"SC_94","SC_A6_29","CLINICTWOORGUNITID","A6"</Row>
            <Row>"SC_95","SC_A6_30","CLINICTWOORGUNITID","A6"</Row>
            <Row>"SC_96","SC_A6_31","CLINICTWOORGUNITID","A6"</Row>
            <Row>"SC_97","SC_A6_32","CLINICTWOORGUNITID","A6"</Row>
            <Row>"SC_98","SC_A6_33","CLINICTWOORGUNITID","A6"</Row>
            <Row>"SC_99","SC_A6_34","CLINICTWOORGUNITID","A6"</Row>
        </Data>
    </BusinessObject>

</BusinessObjects>
