<?xml version="1.0" encoding="UTF-8" ?>
<!--
  ~ Copyright (c) CompuGROUP Software GmbH,
  ~ This software is the confidential and proprietary information of
  ~ CompuGROUP Software GmbH. You shall not disclose such confidential
  ~ information and shall use it only in accordance with the terms of
  ~ the license agreement you entered into with CompuGROUP Software GmbH.
  -->

<!DOCTYPE log4j:configuration SYSTEM "log4j.dtd">
<log4j:configuration xmlns:log4j="http://jakarta.apache.org/log4j/">

    <appender name="console" class="org.apache.log4j.ConsoleAppender">
        <layout class="org.apache.log4j.PatternLayout">
            <param name="ConversionPattern" value="%d{yyyy-MM-dd HH:mm:ss} %-5p %-30c{1} - %m%n"/>
        </layout>
    </appender>

    <!-- Helix framework related logging. -->
    <logger name="com.cg.helix">
        <level value="INFO"/>
    </logger>

    <!-- Application related logging. -->
    <logger name="com.cgm.us.ais">
        <level value="ERROR"/>
    </logger>

    <logger name="com.cgm.us.ais">
        <level value="INFO"/>
    </logger>

    <!-- Auditing -->
    <logger name="com.cgm.us.ais.core.audit.store.service.AuditService">
        <level value="INFO"/>
    </logger>

    <!--<logger name="com.cg.helix.mib.server.session">
        <level value="DEBUG"/>
    </logger>

    <logger name="org.eclipse.jetty">
        <level value="DEBUG"/>
    </logger>

    <logger name="org.eclipse.jetty.annotations.AnnotationConfiguration">
        <level value="DEBUG"/>
    </logger>

    <logger name="org.eclipse.jetty.websocket.jsr356.annotations.AnnotatedEndpointScanner">
        <level value="DEBUG"/>
    </logger>-->

    <!--<logger name="com.cg.helix.persistence">-->
    <!--<level value="TRACE"/>-->
    <!--</logger>-->


    <!--<logger name="org.hibernate.SQL">-->
    <!--<level value="DEBUG"/>-->
    <!--</logger>-->

    <!--<logger name="org.hibernate.type">-->
    <!--<level value="DEBUG"/>-->
    <!--</logger>-->

    <root>
        <level value="WARN"/>
        <appender-ref ref="console"/>
    </root>

</log4j:configuration>
