<?xml version="1.0" encoding="UTF-8"?>
<!--
  ~ Copyright (c) CompuGROUP Software GmbH,
  ~ This software is the confidential and proprietary information of
  ~ CompuGROUP Software GmbH. You shall not disclose such confidential
  ~ information and shall use it only in accordance with the terms of
  ~ the license agreement you entered into with CompuGROUP Software GmbH.
  -->

<settings xmlns="http://maven.apache.org/settings/1.0.0"
          xmlns:xsi="http://www.w3.org/2001/XMLSchema-instance"
          xsi:schemaLocation="http://maven.apache.org/SETTINGS/1.0.0 http://maven.apache.org/xsd/settings-1.0.0.xsd">

    <!--<localRepository>D:/projects/nucleus/maven-repo</localRepository>-->

    <pluginGroups>
    </pluginGroups>

    <proxies>
    </proxies>

    <servers>
        <server>
            <id>central</id>
            <username>i-gat-jenk1.artifactory@cgm.ag</username>
            <password>AKCp5cbwQptiJ7d8iwXbkswNAJ3Dh1xBhtUbxHEYWTiKC2QA7N9ZBPxnYGudZk1rNGdRx7dqi</password>
        </server>
        <server>
            <id>snapshots</id>
            <username>i-gat-jenk1.artifactory@cgm.ag</username>
            <password>AKCp5cbwQptiJ7d8iwXbkswNAJ3Dh1xBhtUbxHEYWTiKC2QA7N9ZBPxnYGudZk1rNGdRx7dqi</password>
        </server>
        <server>
            <id>central-proxy</id>
            <username>i-gat-jenk1.artifactory@cgm.ag</username>
            <password>AKCp5cbwQptiJ7d8iwXbkswNAJ3Dh1xBhtUbxHEYWTiKC2QA7N9ZBPxnYGudZk1rNGdRx7dqi</password>
        </server>
        <server>
            <id>global.virtual</id>
            <username>i-gat-jenk1.artifactory@cgm.ag</username>
            <password>AKCp5cbwQptiJ7d8iwXbkswNAJ3Dh1xBhtUbxHEYWTiKC2QA7N9ZBPxnYGudZk1rNGdRx7dqi</password>
        </server>
    </servers>

    <mirrors>
        <mirror>
            <id>central-proxy</id>
            <mirrorOf>central</mirrorOf>
            <name>central-proxy</name>
            <url>https://artifactory.cgm.ag/maven.org.proxy/</url>
        </mirror>
    </mirrors>

    <profiles>
        <profile>
            <repositories>
                <repository>
                    <snapshots>
                        <enabled>false</enabled>
                    </snapshots>
                    <id>central</id>
                    <name>cg.releasesm3.virtual</name>
                    <url>https://artifactory.cgm.ag:443/cg.releasesm3.virtual</url>
                </repository>
                <repository>
                    <snapshots />
                    <id>snapshots</id>
                    <name>cg.snapshotsm3.virtual</name>
                    <url>https://artifactory.cgm.ag:443/cg.snapshotsm3.virtual</url>
                </repository>
                <repository>
                    <id>global.virtual</id>
                    <name>Global Resolving Chain for CGM</name>
                    <url>https://artifactory.cgm.ag/global.virtual/</url>
                    <releases>
                        <enabled>true</enabled>
                    </releases>
                    <snapshots>
                        <enabled>true</enabled>
                    </snapshots>
                </repository>
            </repositories>
            <pluginRepositories>
                <pluginRepository>
                    <snapshots>
                        <enabled>false</enabled>
                    </snapshots>
                    <id>central</id>
                    <name>cg.releasesm3.virtual</name>
                    <url>https://artifactory.cgm.ag:443/cg.releasesm3.virtual</url>
                </pluginRepository>
                <pluginRepository>
                    <snapshots />
                    <id>snapshots</id>
                    <name>cg.snapshotsm3.virtual</name>
                    <url>https://artifactory.cgm.ag:443/cg.snapshotsm3.virtual</url>
                </pluginRepository>
            </pluginRepositories>
            <id>artifactory</id>
        </profile>
        <profile>
            <id>global.virtual</id>
            <repositories>
                <repository>
                    <id>global.virtual</id>
                    <name>Global Resolving Chain for CGM</name>
                    <url>https://artifactory.cgm.ag/global.virtual/</url>
                    <releases>
                        <enabled>true</enabled>
                    </releases>
                    <snapshots>
                        <enabled>true</enabled>
                    </snapshots>
                </repository>
            </repositories>

            <pluginRepositories>
                <pluginRepository>
                    <id>global.virtual</id>
                    <name>Global Resolving Chain for CGM</name>
                    <url>https://artifactory.cgm.ag/global.virtual/</url>
                    <releases>
                        <enabled>true</enabled>
                    </releases>
                    <snapshots>
                        <enabled>true</enabled>
                    </snapshots>
                </pluginRepository>
            </pluginRepositories>
        </profile>
    </profiles>

    <activeProfiles>
        <activeProfile>global.virtual</activeProfile>
    </activeProfiles>
</settings>