<?xml version="1.0" encoding="UTF-8"?>
<settings xmlns="http://maven.apache.org/settings/1.0.0">
    <servers>
        <server>
            <id>central-proxy</id>
            <username>
                <!--Put your username here-->
            </username>
            <password>
                <!--Put your password here-->
            </password>
        </server>
        <server>
            <id>global.virtual</id>
            <username>
                <!--Put your username here-->
            </username>
            <password>
                <!--Put your password here-->
            </password>
        </server>
    </servers>
    <mirrors>
        <mirror>
            <id>central-proxy</id>
            <mirrorOf>central</mirrorOf>
            <name>central-proxy</name>
            <url>https://artifactory.cgm.ag/maven.org.proxy/</url>
        </mirror>
    </mirrors>
    <profiles>
        <profile>
            <id>global.virtual</id>
            <repositories>
                <repository>
                    <id>global.virtual</id>
                    <name>Global Resolving Chain for CGM</name>
                    <url>https://artifactory.cgm.ag/global.virtual/</url>
                    <releases>
                        <enabled>true</enabled>
                    </releases>
                    <snapshots>
                        <enabled>true</enabled>
                    </snapshots>
                </repository>
            </repositories>
            <pluginRepositories>
                <pluginRepository>
                    <id>global.virtual</id>
                    <name>Global Resolving Chain for CGM</name>
                    <url>https://artifactory.cgm.ag/global.virtual/</url>
                    <releases>
                        <enabled>true</enabled>
                    </releases>
                    <snapshots>
                        <enabled>true</enabled>
                    </snapshots>
                </pluginRepository>
            </pluginRepositories>
        </profile>
    </profiles>
    <activeProfiles>
        <activeProfile>global.virtual</activeProfile>
    </activeProfiles>
</settings>