<?xml version="1.0" encoding="UTF-8"?>
<!--
  ~ Copyright (c) CompuGROUP Software GmbH,
  ~ This software is the confidential and proprietary information of
  ~ CompuGROUP Software GmbH. You shall not disclose such confidential
  ~ information and shall use it only in accordance with the terms of
  ~ the license agreement you entered into with CompuGROUP Software GmbH.
  -->

<DbConfig xmlns="http://www.cgm.com/2011/helix/configuration"
  xmlns:xsi="http://www.w3.org/2001/XMLSchema-instance"
  xsi:schemaLocation="http://www.cgm.com/2011/helix/configuration http://www.cgm.com/2011/helix/configuration.xsd">

    <!-- Define the logical connection name that is used by the application -->
    <!-- You may have here several aliases whereas some of them may point to the same connection -->
    <Alias name="defaultAlias" connection="postgresConnection"/>

    <Alias name="file" connection="fileBasedH2Connection"/>

    <Alias name="memory" connection="inProcessH2Connection"/>

    <Alias name="postgres" connection="postgresConnection"/>

    <Connection name="postgresConnection" driver="POSTGRESQL">
        <Property name="user" value="postgres"/>
        <Property name="password" value="#postgres"/>
        <Property name="host" value="localhost"/>
        <Property name="port" value="5432"/>
        <Property name="dbName" value="nucleus"/>
        <Property name="schema" value="public"/>
    </Connection>

    <Connection name="inProcessH2Connection" driver="H2">
        <Property name="user" value="sa"/>
        <Property name="password" value="#"/>
        <Property name="host" value="mem"/>
        <Property name="dbName" value="Nucleus"/>
    </Connection>

    <!-- The database file will be stored in USER_DIR/database/Nucleus.mv.db -->
    <Connection name="fileBasedH2Connection" driver="H2">
        <Property name="user" value="sa"/>
        <Property name="password" value="#"/>
        <Property name="host" value="file"/>
        <Property name="dbName" value="~/database/Nucleus;AUTO_SERVER=TRUE;MVCC=true"/>
    </Connection>
</DbConfig>