<?xml version="1.0" encoding="UTF-8"?>
<!--
  ~ Copyright (c) CompuGROUP Software GmbH,
  ~ This software is the confidential and proprietary information of
  ~ CompuGROUP Software GmbH. You shall not disclose such confidential
  ~ information and shall use it only in accordance with the terms of
  ~ the license agreement you entered into with CompuGROUP Software GmbH.
  -->

<Configuration xmlns="http://www.cgm.com/2011/helix/configuration"
               xmlns:xsi="http://www.w3.org/2001/XMLSchema-instance"
               xsi:schemaLocation="http://www.cgm.com/2011/helix/configuration http://www.cgm.com/2011/helix/configuration.xsd">

    <Eventing embedded="false"/>
    <EventingClient>
        <Connectors>
            <Connector>tcp://localhost:24043</Connector>
        </Connectors>
    </EventingClient>

    <SessionPools>
        <SessionPool privileged="true">
            <Configuration loginString="user='system';password='IC754VBA08D5UC93XE'"/>
            <!--<Configuration loginString="user='admin';password='admin'"/>-->
        </SessionPool>
    </SessionPools>

    <TransportPackageRepository path="/package" isResourcePath="true" sessionPool="default" mergeStrategy="OVERRIDE"
                                deleteImportedFile="false"/>

    <Shared>
        <Properties>
            <!-- Specified the Authentication provider that is used by the application -->
            <Property name="authentication.provider"
                      value="/com/cgm/us/ais/core/security/authentication/SecurityAuthenticationProvider"/>
        </Properties>
    </Shared>

    <IntegratorBus name="Nucleus">
        <Persistence>
            <!-- This attribute is responsible for auto-upgrading the database on server startup. -->
            <!-- If you prefer to upgrade the database manually on the demand set the mode value to 'NONE' -->
            <SchemaUpdate mode="AUTO_UPGRADE" installLanguages="en_US"/>
            <!--<Logging formatSql="true" logSql="true"/>-->
        </Persistence>
        <PreLoads>
            <PreLoad preLoaderName="SessionExpirePoller" async="true"/>
            <PreLoad preLoaderName="PatientExportSchedulerPreLoader" async="true"/>
            <PreLoad preLoaderName="LMSPercentileCachePreloader" async="true">
                <Property name="defaultLMSStandard" value="WHO" />
            </PreLoad>
            <PreLoad preLoaderName="ElReindexer" async="true"/>
        </PreLoads>
    </IntegratorBus>

</Configuration>
